"DESCRIPTION","DURATION IN MS","NAME","PARENT SUITE","START TIME","STATUS","STOP TIME","SUB SUITE","SUITE","TEST CLASS","TEST METHOD"
"","26248","3.2. --- with required Custom Form but not filled out, all optional fields on Form","Add Person","Fri May 16 21:25:52 UTC 2025","failed","Fri May 16 21:26:19 UTC 2025","","3. Add Person with Custom Form","",""
"","26531","I.U_1 Import and verify User with all fields","","Fri May 16 21:28:17 UTC 2025","failed","Fri May 16 21:28:44 UTC 2025","","Import Users","",""
"","26221","1.2. Optional fields disabled -- First & Last Name populated -- redirect to Add Person page again","Add Person","Fri May 16 21:23:41 UTC 2025","failed","Fri May 16 21:24:07 UTC 2025","","1. Org Admin","",""
"","26291","A.M_2. Add Media to Item","","Fri May 16 21:20:58 UTC 2025","failed","Fri May 16 21:21:25 UTC 2025","","Add Media","",""
"","1","3. Edit and verify reduced number of values on Person View page - Business Name","","Fri May 16 21:18:01 UTC 2025","skipped","Fri May 16 21:18:01 UTC 2025","","Edit Person","",""
"","2","1.1. DR for single parent location - No Discrepancies Found","Inventory Reports","Fri May 16 21:15:48 UTC 2025","broken","Fri May 16 21:15:48 UTC 2025","","1. Parent/child locations with items but without containers","",""
"","26531","1. Import and verify People with all fields - 1 person linked to 1 case, other person linked to 2 cases","","Fri May 16 21:26:02 UTC 2025","failed","Fri May 16 21:26:29 UTC 2025","","Import People","",""
"","0","1.2 Org Admin-- minimum case fields -- redirect to Add Case page again","Add Case","Fri May 16 21:15:51 UTC 2025","skipped","Fri May 16 21:15:51 UTC 2025","","1. --- No Case Number formatting in Org/Office, AutoDispo ON","",""
"","0","6.1 verify Auto Assigned Case Number with Default Case Number Prefix","Add Case","Fri May 16 21:18:03 UTC 2025","broken","Fri May 16 21:18:03 UTC 2025","","6. --- with Auto Assigned Case Number ","",""
"","3","5 Five thousand notes for Item and verify notes count on search","","Fri May 16 21:23:49 UTC 2025","skipped","Fri May 16 21:23:49 UTC 2025","","Import Notes","",""
"","0","4 Validation messages for wrongly formatted values","","Fri May 16 21:18:37 UTC 2025","skipped","Fri May 16 21:18:37 UTC 2025","","Import Legacy Chain of Custody","",""
"","0","5 Validation messages for invalid values","","Fri May 16 21:18:37 UTC 2025","skipped","Fri May 16 21:18:37 UTC 2025","","Import Legacy Chain of Custody","",""
"","238","1.1.1 equals {email of the user (current user) who created a case}","Cases Search","Fri May 16 21:17:07 UTC 2025","failed","Fri May 16 21:17:08 UTC 2025","1.1 Created By","1 Org Admin","",""
"","26425","I.T_1.1 Import Legacy Tasks for Case","","Fri May 16 21:18:49 UTC 2025","failed","Fri May 16 21:19:16 UTC 2025","","Import Tasks","",""
"","0","4.1 verify Org Default Case Number Prefix, clear a default value and save the other one","Add Case","Fri May 16 21:17:10 UTC 2025","broken","Fri May 16 21:17:10 UTC 2025","","4. --- with Default Case Number in Org ","",""
"","1","1 Import Locations with all fields","","Fri May 16 21:20:33 UTC 2025","broken","Fri May 16 21:20:33 UTC 2025","","Import Locations","",""
"","26242","1.1. All fields enabled -- redirect to View Added Person","Add Person","Fri May 16 21:23:15 UTC 2025","failed","Fri May 16 21:23:41 UTC 2025","","1. Org Admin","",""
"","26491","I.U_1 Import User with all fields - Precheck Only","","Fri May 16 21:28:44 UTC 2025","failed","Fri May 16 21:29:10 UTC 2025","","Import Users","",""
"","26715","1. Verify list of already existing services are in place and all listed services have a green status","","Fri May 16 21:20:35 UTC 2025","failed","Fri May 16 21:21:01 UTC 2025","","System Services Page: verify the existing Services are in place, if a new Service gets added =>check the status for all of those","",""
"","26675","2.1 Add User to a Group, then add to another Group --> Verify that previous User Group is not overwritten","","Fri May 16 21:18:40 UTC 2025","failed","Fri May 16 21:19:06 UTC 2025","","Edit User","",""
"","26539","3 Import Notes for Case - Precheck Only","","Fri May 16 21:23:23 UTC 2025","failed","Fri May 16 21:23:49 UTC 2025","","Import Notes","",""
"","1","2. Verify Transfer transaction and enabled/disabled actions for Checked Out item","","Fri May 16 21:19:47 UTC 2025","broken","Fri May 16 21:19:47 UTC 2025","","Item Transactions & Actions","",""
"","26675","1.1 all fields turned on and edited, ""overwrite existing values"" turned OFF","Mass Update Cases","Fri May 16 21:16:28 UTC 2025","failed","Fri May 16 21:16:55 UTC 2025","","1. all fields enabled in Org Settings","",""
"","26805","3.1 Verify ""Re-Distribute"" for ""Past Due"" cases","Auto-Disposition","Fri May 16 21:15:38 UTC 2025","failed","Fri May 16 21:16:05 UTC 2025","","3. Verify ""Re-Distribute Case Review Dates"" functionality","",""
"","0","2 Import Locations with required fields - verify default properties","","Fri May 16 21:20:33 UTC 2025","skipped","Fri May 16 21:20:33 UTC 2025","","Import Locations","",""
"","1","6 Validation messages for blank values","","Fri May 16 21:18:37 UTC 2025","skipped","Fri May 16 21:18:37 UTC 2025","","Import Legacy Chain of Custody","",""
"","26481","9 Validation messages for blank values","","Fri May 16 21:25:09 UTC 2025","failed","Fri May 16 21:25:35 UTC 2025","","Import Notes","",""
"","2","1. Edit and verify all values on Item View page -- replace the current values in multiselect fields - Tags & Item Belongs To","","Fri May 16 21:17:23 UTC 2025","broken","Fri May 16 21:17:23 UTC 2025","","Edit Item","",""
"","0","2. Edit and verify all values on Case View page -- keep the previous values and add new ones in multiselect fields (Case Officers, Tags)","","Fri May 16 21:16:44 UTC 2025","skipped","Fri May 16 21:16:44 UTC 2025","","Edit Case","",""
"","26655","2.2 Confirmation on warning modal completes login and logs out user on other machine","Login page","Fri May 16 21:19:14 UTC 2025","failed","Fri May 16 21:19:41 UTC 2025","","2. Warning that user is logged in on other browser or device","",""
"","26511","3. Import Person with all fields - Precheck Only","","Fri May 16 21:26:56 UTC 2025","failed","Fri May 16 21:27:22 UTC 2025","","Import People","",""
"","26227","A.N_1. Add Note to Case","","Fri May 16 21:22:36 UTC 2025","failed","Fri May 16 21:23:02 UTC 2025","","Add Notes","",""
"","1","I.C_1 Case with all fields -- user and user group in Case Officer(s) field","","Fri May 16 21:16:41 UTC 2025","broken","Fri May 16 21:16:41 UTC 2025","","Import Cases","",""
"","0","5. Import update for item status (Undispose transaction)","","Fri May 16 21:17:20 UTC 2025","skipped","Fri May 16 21:17:20 UTC 2025","","Import Item Updates","",""
"","0","4.2 verify Org Default Case Number Prefix, keep a default value as part of the Case Number","Add Case","Fri May 16 21:17:10 UTC 2025","skipped","Fri May 16 21:17:10 UTC 2025","","4. --- with Default Case Number in Org ","",""
"","26450","1.4. redirect to Case View page","Add Person","Fri May 16 21:24:33 UTC 2025","failed","Fri May 16 21:25:00 UTC 2025","","1. Org Admin","",""
"","3","5 Five thousand notes for Case and verify notes count on search","","Fri May 16 21:23:49 UTC 2025","skipped","Fri May 16 21:23:49 UTC 2025","","Import Notes","",""
"","0","5. Case Number Formatting at Office level -- old case that was saved without formatting can be edited without changing Case Number or changing it with proper format","","Fri May 16 21:16:44 UTC 2025","skipped","Fri May 16 21:16:44 UTC 2025","","Edit Case","",""
"","26517","1 Import Notes for Case","","Fri May 16 21:22:30 UTC 2025","failed","Fri May 16 21:22:56 UTC 2025","","Import Notes","",""
"","2","I.N_5 Five thousand tasks and verify count on search","","Fri May 16 21:19:42 UTC 2025","skipped","Fri May 16 21:19:42 UTC 2025","","Import Tasks","",""
"","0","I.C_4 Five thousand cases and verify cases count on search by ","","Fri May 16 21:16:41 UTC 2025","skipped","Fri May 16 21:16:41 UTC 2025","","Import Cases","",""
"","0","2 Import Legacy Chain of Custody - Precheck Only","","Fri May 16 21:18:37 UTC 2025","skipped","Fri May 16 21:18:37 UTC 2025","","Import Legacy Chain of Custody","",""
"","1","3. Edit and verify reduced number of values on Case View page -- enter User Group instead of User as Case Officer","","Fri May 16 21:16:44 UTC 2025","skipped","Fri May 16 21:16:44 UTC 2025","","Edit Case","",""
"","26793","1.8. Create and run DR for multiple storage locations - multiple Discrepancies Found","Inventory Reports","Fri May 16 21:15:48 UTC 2025","failed","Fri May 16 21:16:15 UTC 2025","","1. Parent/child locations with items but without containers","",""
"","0","3.1 verify Office Case Number Format with default validation message","Add Case","Fri May 16 21:16:44 UTC 2025","broken","Fri May 16 21:16:44 UTC 2025","","3. --- with Case Number formatting in Office ","",""
"","1","8. Add a Case with disabled fields & check if required fields are displayed properly on Case Edit page after enabling","","Fri May 16 21:16:44 UTC 2025","skipped","Fri May 16 21:16:44 UTC 2025","","Edit Case","",""
"","26488","2. Import and verify Person with minimum fields","","Fri May 16 21:26:29 UTC 2025","failed","Fri May 16 21:26:56 UTC 2025","","Import People","",""
"","26227","A.M_1. Add Media to Case","","Fri May 16 21:20:32 UTC 2025","failed","Fri May 16 21:20:58 UTC 2025","","Add Media","",""
"","0","2. Import update for item status (Check Out transaction)","","Fri May 16 21:17:20 UTC 2025","skipped","Fri May 16 21:17:20 UTC 2025","","Import Item Updates","",""
"","0","4. Import update for item status (Disposal transaction)","","Fri May 16 21:17:20 UTC 2025","skipped","Fri May 16 21:17:20 UTC 2025","","Import Item Updates","",""
"","0","3. Import update for item status (Move transaction)","","Fri May 16 21:17:20 UTC 2025","skipped","Fri May 16 21:17:20 UTC 2025","","Import Item Updates","",""
"","0","I.C_5 Case Import - Precheck Only","","Fri May 16 21:16:41 UTC 2025","skipped","Fri May 16 21:16:41 UTC 2025","","Import Cases","",""
"","0","2 Import Person with all updated fields - Precheck Only","","Fri May 16 21:28:06 UTC 2025","skipped","Fri May 16 21:28:06 UTC 2025","","Import People Updates","",""
"","1","2.1 verify Org Case Number Format and check that Case Review Date/Notes is NOT displayed for Org Admin","Add Case","Fri May 16 21:16:18 UTC 2025","broken","Fri May 16 21:16:18 UTC 2025","","2. --- with Case Number formatting in Org, AutoDispo OFF ","",""
"","0","3 Validation messages for not mapped fields","","Fri May 16 21:18:37 UTC 2025","skipped","Fri May 16 21:18:37 UTC 2025","","Import Legacy Chain of Custody","",""
"","1","I.C_2 Case with minimum number of fields","","Fri May 16 21:16:41 UTC 2025","skipped","Fri May 16 21:16:41 UTC 2025","","Import Cases","",""
"","26683","2.1 Cancelling warning keeps user logged in on other machine","Login page","Fri May 16 21:18:48 UTC 2025","failed","Fri May 16 21:19:14 UTC 2025","","2. Warning that user is logged in on other browser or device","",""
"","26227","1.3. Business Name populated only -- redirect to Add Item page","Add Person","Fri May 16 21:24:07 UTC 2025","failed","Fri May 16 21:24:33 UTC 2025","","1. Org Admin","",""
"","26206","A.M_3. Add Media to Person","","Fri May 16 21:21:25 UTC 2025","failed","Fri May 16 21:21:51 UTC 2025","","Add Media","",""
"","1","7.1 verify all values are properly saved to the custom form -single user in custom User/User Group field","Add Case","Fri May 16 21:18:29 UTC 2025","broken","Fri May 16 21:18:29 UTC 2025","","7. --- with required Custom Form filled out, all required fields on Form","",""
"","2","1. Edit and verify all values on Person View page","","Fri May 16 21:18:01 UTC 2025","broken","Fri May 16 21:18:01 UTC 2025","","Edit Person","",""
"","0","1.2. DR for single child location - No Discrepancies Found","Inventory Reports","Fri May 16 21:15:48 UTC 2025","skipped","Fri May 16 21:15:48 UTC 2025","","1. Parent/child locations with items but without containers","",""
"","1","1.3 Org Admin-- minimum case fields -- redirect to Add Item page","Add Case","Fri May 16 21:15:51 UTC 2025","skipped","Fri May 16 21:15:51 UTC 2025","","1. --- No Case Number formatting in Org/Office, AutoDispo ON","",""
"","1","1.7. Create and run DR for single child location - multiple Discrepancies Found","Inventory Reports","Fri May 16 21:15:48 UTC 2025","skipped","Fri May 16 21:15:48 UTC 2025","","1. Parent/child locations with items but without containers","",""
"","0","1.3. DR for multiple parent and child locations - starting with Parent loc - No Discrepancies Found","Inventory Reports","Fri May 16 21:15:48 UTC 2025","skipped","Fri May 16 21:15:48 UTC 2025","","1. Parent/child locations with items but without containers","",""
"","26443","2 Import Notes for Item","","Fri May 16 21:22:56 UTC 2025","failed","Fri May 16 21:23:23 UTC 2025","","Import Notes","",""
"","0","4. Add a Person with disabled fields & check if those are shown up on Person Edit page after enabling all of the rest of the fields and editing Business Name / First Name / Last Name","","Fri May 16 21:18:01 UTC 2025","skipped","Fri May 16 21:18:01 UTC 2025","","Edit Person","",""
"","134","2.1. Create and run DR for 2 storage locations that have: container with item, empty container, sub-location, empty sub-container and sub-container with item - No Discrepancies Found","Inventory Reports","Fri May 16 21:16:15 UTC 2025","failed","Fri May 16 21:16:15 UTC 2025","","2. Parent/child locations with items and containers","",""
"","0","1.4. Create and run DR for multiple parent and child locations - starting with Child loc -  No Discrepancies Found","Inventory Reports","Fri May 16 21:15:48 UTC 2025","skipped","Fri May 16 21:15:48 UTC 2025","","1. Parent/child locations with items but without containers","",""
"","26517","7 Validation messages for wrongly formatted values","","Fri May 16 21:24:16 UTC 2025","failed","Fri May 16 21:24:42 UTC 2025","","Import Notes","",""
"","0","4.  Case Number Formatting at Org level -- old case that was saved without formatting can be edited without changing Case Number or changing it with proper format","","Fri May 16 21:16:44 UTC 2025","skipped","Fri May 16 21:16:44 UTC 2025","","Edit Case","",""
"","0","7. Item Updates Import - Precheck Only","","Fri May 16 21:17:20 UTC 2025","skipped","Fri May 16 21:17:20 UTC 2025","","Import Item Updates","",""
"","0","1.4 Org Admin-- minimum case fields -- redirect to Add Person page","Add Case","Fri May 16 21:15:51 UTC 2025","skipped","Fri May 16 21:15:51 UTC 2025","","1. --- No Case Number formatting in Org/Office, AutoDispo ON","",""
"","0","4.3 verify Org Default Case Number Prefix and Org Formatting pattern, before and after page reload","Add Case","Fri May 16 21:17:10 UTC 2025","skipped","Fri May 16 21:17:10 UTC 2025","","4. --- with Default Case Number in Org ","",""
"","0","I.C.U_2 Case Updates Import - Precheck Only","","Fri May 16 21:16:03 UTC 2025","skipped","Fri May 16 21:16:03 UTC 2025","","Import Case Updates","",""
"","0","3. Remove all optional values & check history records","","Fri May 16 21:17:23 UTC 2025","skipped","Fri May 16 21:17:23 UTC 2025","","Edit Item","",""
"","26692","S.I_1. Search by Item Description","","Fri May 16 21:17:26 UTC 2025","failed","Fri May 16 21:17:52 UTC 2025","","Search Item","",""
"","26297","2.1. verify that user can add all values","Add Person","Fri May 16 21:25:00 UTC 2025","failed","Fri May 16 21:25:26 UTC 2025","","2. Power User -- all permissions in Office","",""
"","0","1.5 Org Admin-- minimum case fields -- redirect to Media tab on Case View page","Add Case","Fri May 16 21:15:51 UTC 2025","skipped","Fri May 16 21:15:51 UTC 2025","","1. --- No Case Number formatting in Org/Office, AutoDispo ON","",""
"","26508","I.T_1.2 Import Legacy Tasks for Case - Precheck Only","","Fri May 16 21:19:16 UTC 2025","failed","Fri May 16 21:19:42 UTC 2025","","Import Tasks","",""
"","0","7. Remove all optional values & check history records","","Fri May 16 21:16:44 UTC 2025","skipped","Fri May 16 21:16:44 UTC 2025","","Edit Case","",""
"","2","I.C.U_1. Import Case Updates - all fields -- user and user group in Case Officer(s) field","","Fri May 16 21:16:03 UTC 2025","broken","Fri May 16 21:16:03 UTC 2025","","Import Case Updates","",""
"","176","2.2. Scanning some barcodes multiple times and checking all types of discrepancies in one Report: ""Barcode valid but not found in the system""""Items Not Scanned"", ""Wrong Storage Location"",""Container Not Scanned"",""Containers in Wrong Location""","Inventory Reports","Fri May 16 21:16:15 UTC 2025","failed","Fri May 16 21:16:16 UTC 2025","","2. Parent/child locations with items and containers","",""
"","30076","U.A_1. Send verification email","","Fri May 16 21:18:05 UTC 2025","failed","Fri May 16 21:18:35 UTC 2025","","User Actions","",""
"","26219","3.1. --- with required Custom Form filled out, all required fields on Form","Add Person","Fri May 16 21:25:26 UTC 2025","failed","Fri May 16 21:25:52 UTC 2025","","3. Add Person with Custom Form","",""
"","0","1.6. Create and run DR for single parent location - multiple Discrepancies Found","Inventory Reports","Fri May 16 21:15:48 UTC 2025","skipped","Fri May 16 21:15:48 UTC 2025","","1. Parent/child locations with items but without containers","",""
"","1","2.2 verify Org Case Number Format with custom validation message","Add Case","Fri May 16 21:16:18 UTC 2025","skipped","Fri May 16 21:16:18 UTC 2025","","2. --- with Case Number formatting in Org, AutoDispo OFF ","",""
"","26710","1. Report from Case View page - Items tab","Reports","Fri May 16 21:19:56 UTC 2025","failed","Fri May 16 21:20:22 UTC 2025","","Verify generating and opening Report ""Primary Label 4X3""","",""
"","26315","Add Dispo Task with 11 1DA items and assign to Org Admin, --set different actions for item using all variations--using Actions menu and grid, --check statuses and notes upon submission","","Fri May 16 21:28:42 UTC 2025","failed","Fri May 16 21:29:09 UTC 2025","","Dispo Auth","",""
"","0","6. Import update for item status (CheckIn transaction)","","Fri May 16 21:17:20 UTC 2025","skipped","Fri May 16 21:17:20 UTC 2025","","Import Item Updates","",""
"","0","2. Edit and verify all values on Item View page -- keep the previous values in multiselect fields  - Tags & Item Belongs To; 2.1. hitting *enter* button does not wipe out Additional Barcode","","Fri May 16 21:17:23 UTC 2025","skipped","Fri May 16 21:17:23 UTC 2025","","Edit Item","",""
"","1","1. Import updates for all item fields","","Fri May 16 21:17:20 UTC 2025","broken","Fri May 16 21:17:20 UTC 2025","","Import Item Updates","",""
"","1","1.1 Org Admin-- All fields enabled -- redirect to View Added Case","Add Case","Fri May 16 21:15:51 UTC 2025","broken","Fri May 16 21:15:51 UTC 2025","","1. --- No Case Number formatting in Org/Office, AutoDispo ON","",""
"","0","1.7 Power User can add case and view/enter/update Review Date/Notes when having AutoDispo permissions","Add Case","Fri May 16 21:15:51 UTC 2025","skipped","Fri May 16 21:15:51 UTC 2025","","1. --- No Case Number formatting in Org/Office, AutoDispo ON","",""
"","28995","Add User ","","Fri May 16 21:27:23 UTC 2025","failed","Fri May 16 21:27:52 UTC 2025","","Add User","",""
"","134","3. Scanning 1000 items during Inventory report","Inventory Reports","Fri May 16 21:16:16 UTC 2025","failed","Fri May 16 21:16:16 UTC 2025","","2. Scanning 1000 items","",""
"","0","I.C_3 Case with custom fields","","Fri May 16 21:16:41 UTC 2025","skipped","Fri May 16 21:16:41 UTC 2025","","Import Cases","",""
"","26228","A.M_4. Add Media to Task","","Fri May 16 21:21:51 UTC 2025","failed","Fri May 16 21:22:17 UTC 2025","","Add Media","",""
"","26459","8 Validation messages for invalid values","","Fri May 16 21:24:42 UTC 2025","failed","Fri May 16 21:25:09 UTC 2025","","Import Notes","",""
"","2","2. Item with all fields - Disposed Status","","Fri May 16 21:17:58 UTC 2025","broken","Fri May 16 21:17:58 UTC 2025","","Import Items","",""
"","0","1.5. Create and run DR for multiple parent and child locations  - starting with Child loc - switching back to parent location-  No Discrepancies Found","Inventory Reports","Fri May 16 21:15:48 UTC 2025","skipped","Fri May 16 21:15:48 UTC 2025","","1. Parent/child locations with items but without containers","",""
"","0","6. Auto-Assigned Case Number -- Case Number can be edited when Auto-assigning of Case Numbers is enabled for new cases","","Fri May 16 21:16:44 UTC 2025","skipped","Fri May 16 21:16:44 UTC 2025","","Edit Case","",""
"","198","1.1.1 'equals' correct Person's name","Search Checkouts","Fri May 16 21:17:16 UTC 2025","failed","Fri May 16 21:17:16 UTC 2025","1.1 Checked Out To","1 Org Admin","",""
"","26492","2 Import Media - Precheck Only","","Fri May 16 21:21:49 UTC 2025","failed","Fri May 16 21:22:15 UTC 2025","","Import Media","",""
"","161","1.2 Validation messages","","Fri May 16 21:18:48 UTC 2025","failed","Fri May 16 21:18:48 UTC 2025","","Login page","",""
"","26429","3 Import Locations - Precheck Only","","Fri May 16 21:20:33 UTC 2025","failed","Fri May 16 21:21:00 UTC 2025","","Import Locations","",""
"","26311","1.1.1 Add task with required fields only -- Unassigned-- keep template content-- search for task on the grid by Creator name-- verify values on grid","Add Task","Fri May 16 21:26:45 UTC 2025","failed","Fri May 16 21:27:12 UTC 2025","","1.1 Org Admin","",""
"","0","2. Edit and verify reduced number of values on Person View page - First & Last Name","","Fri May 16 21:18:01 UTC 2025","skipped","Fri May 16 21:18:01 UTC 2025","","Edit Person","",""
"","1","9.1 verify multiple Users and Groups can be saved in Case Officers field and Custom User/User Group","Add Case","Fri May 16 21:19:22 UTC 2025","broken","Fri May 16 21:19:22 UTC 2025","","9. --- with multiple users/groups in Case Officers field","",""
"","1","8.1 verify that required custom form is attached to the case with blank fields","Add Case","Fri May 16 21:18:55 UTC 2025","broken","Fri May 16 21:18:55 UTC 2025","","8. --- with required Custom Form but not filled out, all optional fields on Form","",""
"","2","1. Edit and verify all values on Case View page -- replace the current values in multiselect fields (Case Officers, Tags)","","Fri May 16 21:16:44 UTC 2025","broken","Fri May 16 21:16:44 UTC 2025","","Edit Case","",""
"","0","4. Edit and verify reduced number of values on Item View page ","","Fri May 16 21:17:23 UTC 2025","skipped","Fri May 16 21:17:23 UTC 2025","","Edit Item","",""
"","2","1. Import Person with all updated fields","","Fri May 16 21:28:06 UTC 2025","broken","Fri May 16 21:28:06 UTC 2025","","Import People Updates","",""
"","26256","1.1.1. add user with all fields -- log in with newly created account","Add User","Fri May 16 21:28:04 UTC 2025","failed","Fri May 16 21:28:30 UTC 2025","","1.1 Org Admin","",""
"","0","1.6 Org Admin-- minimum case fields -- redirect to Notes tab on Case View page","Add Case","Fri May 16 21:15:51 UTC 2025","skipped","Fri May 16 21:15:51 UTC 2025","","1. --- No Case Number formatting in Org/Office, AutoDispo ON","",""
"","26644","1 Edit newly added user, change all values, verify on the grid, and check all/active/inactive filters","","Fri May 16 21:18:13 UTC 2025","failed","Fri May 16 21:18:40 UTC 2025","","Edit User","",""
"","0","3.2 verify Office Case Number Format with custom validation message","Add Case","Fri May 16 21:16:44 UTC 2025","skipped","Fri May 16 21:16:44 UTC 2025","","3. --- with Case Number formatting in Office ","",""
"","1","5. Add an Item with disabled non required / required fields & check if those are shown up on Item Edit page after enabling","","Fri May 16 21:17:23 UTC 2025","skipped","Fri May 16 21:17:23 UTC 2025","","Edit Item","",""
"","26819","1.1 Email & Task - when Case created - all records - 1 user as email recipient","Workflows","Fri May 16 21:21:14 UTC 2025","failed","Fri May 16 21:21:40 UTC 2025","","1. Case Workflows - all case fields enabled in Org Settings","",""
"","2","1 Import Legacy Chain of Custody - Checked In transaction","","Fri May 16 21:18:37 UTC 2025","broken","Fri May 16 21:18:37 UTC 2025","","Import Legacy Chain of Custody","",""
"","26464","6 Validation messages for not mapped fields","","Fri May 16 21:23:49 UTC 2025","failed","Fri May 16 21:24:16 UTC 2025","","Import Notes","",""
"","26537","1 Import Media","","Fri May 16 21:21:22 UTC 2025","failed","Fri May 16 21:21:49 UTC 2025","","Import Media","",""
"","26331","1.1 All fields enabled -- ""Item Belongs To Shows All People"" turned ON in Org Settings -- multiple people not linked to Primary Case are selected in ""Item Belongs to"" field ","Add Item","Fri May 16 21:19:54 UTC 2025","failed","Fri May 16 21:20:21 UTC 2025","","1. Org Admin","",""
"","0","5.1 verify Office Default Case Number Prefix","Add Case","Fri May 16 21:17:36 UTC 2025","broken","Fri May 16 21:17:36 UTC 2025","","5. --- with Default Case Number in Office ","",""
